series;frame_idx;beetle_idx;stage
seria_2;44;13;stage1
seria_2;58;15;stage1
seria_2;65;10;stage1
seria_2;73;7;stage1
seria_2;27;6;stage1
seria_2;28;7;stage1
seria_2;29;7;stage1
seria_2;30;5;stage1
seria_2;31;5;stage1
seria_2;37;5;stage1
seria_2;40;5;stage1
seria_2;53;6;stage1
seria_2;71;17;stage1
seria_2;84;7;stage1
seria_2;92;13;stage1
seria_2;4;3;stage1
seria_2;54;16;stage1
seria_2;107;11;stage1
seria_2;109;4;stage1
seria_2;38;6;stage1
seria_2;73;14;stage1
seria_2;74;16;stage1
seria_2;75;15;stage1
seria_2;83;7;stage1
seria_2;84;13;stage1
seria_2;37;7;stage1
seria_2;52;10;stage1
seria_2;76;14;stage1
seria_2;76;15;stage1
seria_2;121;11;stage1
seria_2;84;6;stage1
seria_2;117;1;stage1
seria_2;121;12;stage1
seria_2;123;4;stage1
seria_2;79;6;stage1
seria_2;86;15;stage1
seria_2;90;13;stage1
seria_2;10;16;stage1
seria_2;11;17;stage1
seria_2;15;16;stage1
seria_2;18;17;stage1
seria_2;21;18;stage1
seria_2;22;17;stage1
seria_2;23;16;stage1
seria_2;28;6;stage1
seria_2;29;6;stage1
seria_2;30;8;stage1
seria_2;31;8;stage1
seria_2;32;8;stage1
seria_2;34;15;stage1
seria_2;36;14;stage1
seria_2;38;15;stage1
seria_2;40;13;stage1
seria_2;42;14;stage1
seria_2;45;10;stage1
seria_2;46;10;stage1
seria_2;46;13;stage1
seria_2;48;15;stage1
seria_2;48;17;stage1
seria_2;52;15;stage1
seria_2;53;12;stage1
seria_2;54;14;stage1
seria_2;56;11;stage1
seria_2;59;13;stage1
seria_2;64;8;stage1
seria_2;66;10;stage1
seria_2;67;11;stage1
seria_2;77;14;stage1
seria_2;78;16;stage1
seria_2;82;2;stage1
seria_2;91;13;stage1
seria_2;92;11;stage1
seria_2;121;6;stage1
seria_2;13;12;stage1
seria_2;14;13;stage1
seria_2;30;18;stage1
seria_2;31;15;stage1
seria_2;33;12;stage1
seria_2;40;14;stage1
seria_2;43;14;stage1
seria_2;43;8;stage1
seria_2;60;13;stage1
seria_2;61;13;stage1
seria_2;62;10;stage1
seria_2;75;14;stage1
seria_2;92;7;stage1
seria_2;93;14;stage1
seria_2;103;3;stage1
seria_2;104;5;stage1
seria_2;110;6;stage1
seria_2;123;10;stage1
seria_2;123;6;stage1
seria_2;15;13;stage1
seria_2;42;7;stage1
seria_2;68;2;stage1
seria_2;70;2;stage1
seria_2;73;6;stage1
seria_2;82;4;stage1
seria_2;88;4;stage1
seria_2;92;3;stage1
seria_2;100;11;stage1
seria_2;75;13;stage1
seria_2;79;13;stage1
seria_2;4;13;stage1
seria_2;8;18;stage1
seria_2;8;4;stage1
seria_2;11;19;stage1
seria_2;12;12;stage1
seria_2;15;5;stage1
seria_2;23;14;stage1
seria_2;23;7;stage1
seria_2;24;16;stage1
seria_2;25;18;stage1
seria_2;26;18;stage1
seria_2;28;19;stage1
seria_2;29;17;stage1
seria_2;32;17;stage1
seria_2;33;18;stage1
seria_2;34;9;stage1
seria_2;36;10;stage1
seria_2;39;11;stage1
seria_2;40;16;stage1
seria_2;41;13;stage1
seria_2;43;15;stage1
seria_2;44;16;stage1
seria_2;45;15;stage1
seria_2;46;16;stage1
seria_2;50;9;stage1
seria_2;52;12;stage1
seria_2;53;11;stage1
seria_2;55;16;stage1
seria_2;57;9;stage1
seria_2;58;10;stage1
seria_2;58;17;stage1
seria_2;60;12;stage1
seria_2;67;7;stage1
seria_2;73;15;stage1
seria_2;73;16;stage1
seria_2;80;14;stage1
seria_2;82;17;stage1
seria_2;89;14;stage1
seria_2;94;11;stage1
seria_2;95;15;stage1
seria_2;96;12;stage1
seria_2;96;9;stage1
seria_2;97;11;stage1
seria_2;98;12;stage1
seria_2;101;13;stage1
seria_2;105;14;stage1
seria_2;110;7;stage1
seria_2;115;4;stage1
seria_2;118;13;stage1
seria_2;123;7;stage1
seria_2;69;15;stage1
seria_2;78;15;stage1
seria_2;111;6;stage1
seria_2;10;1;stage1
seria_2;10;10;stage1
seria_2;31;6;stage1
seria_2;32;7;stage1
seria_2;39;15;stage1
seria_2;42;9;stage1
seria_2;45;11;stage1
seria_2;60;11;stage1
seria_2;80;15;stage1
seria_2;82;15;stage1
seria_2;120;12;stage1
seria_2;55;3;stage1
seria_2;58;9;stage1
seria_2;64;11;stage1
seria_2;114;1;stage1
seria_2;115;1;stage1
seria_2;5;14;stage1
seria_2;27;9;stage1
seria_2;33;8;stage1
seria_2;37;16;stage1
seria_2;42;13;stage1
seria_2;47;12;stage1
seria_2;61;10;stage1
seria_2;73;13;stage1
seria_2;73;18;stage1
seria_2;77;1;stage1
seria_2;81;13;stage1
seria_2;82;16;stage1
seria_2;86;7;stage1
seria_2;99;5;stage1
seria_2;100;6;stage1
seria_2;101;5;stage1
seria_2;102;6;stage1
seria_2;104;8;stage1
seria_2;105;6;stage1
seria_2;114;3;stage1
seria_2;115;12;stage1
seria_2;18;4;stage1
seria_2;63;14;stage1
seria_2;110;8;stage1
seria_2;111;12;stage1
seria_2;14;1;stage1
seria_2;19;5;stage1
seria_2;21;19;stage1
seria_2;54;10;stage1
seria_2;57;4;stage1
seria_2;58;5;stage1
seria_2;59;3;stage1
seria_2;60;3;stage1
seria_2;61;3;stage1
seria_2;62;3;stage1
seria_2;63;3;stage1
seria_2;64;3;stage1
seria_2;65;3;stage1
seria_2;66;3;stage1
seria_2;67;3;stage1
seria_2;68;3;stage1
seria_2;69;3;stage1
seria_2;70;3;stage1
seria_2;71;3;stage1
seria_2;72;3;stage1
seria_2;73;3;stage1
seria_2;74;4;stage1
seria_2;75;2;stage1
seria_2;76;3;stage1
seria_2;77;5;stage1
seria_2;80;5;stage1
seria_2;87;11;stage1
seria_2;88;5;stage1
seria_2;89;12;stage1
seria_2;90;11;stage1
seria_2;91;10;stage1
seria_2;92;10;stage1
seria_2;99;14;stage1
seria_2;102;13;stage1
seria_2;103;16;stage1
seria_2;104;16;stage1
seria_2;107;7;stage1
seria_2;116;6;stage1
seria_2;123;1;stage1
seria_2;21;6;stage1
seria_2;36;8;stage1
seria_2;37;8;stage1
seria_2;38;7;stage1
seria_2;39;8;stage1
seria_2;40;7;stage1
seria_2;41;6;stage1
seria_2;42;6;stage1
seria_2;43;6;stage1
seria_2;44;6;stage1
seria_2;45;7;stage1
seria_2;46;7;stage1
seria_2;47;7;stage1
seria_2;48;6;stage1
seria_2;49;6;stage1
seria_2;50;6;stage1
seria_2;81;7;stage1
seria_2;82;8;stage1
seria_2;95;1;stage1
seria_2;97;6;stage1
seria_2;100;5;stage1
seria_2;101;6;stage1
seria_2;102;5;stage1
seria_2;103;5;stage1
seria_2;104;7;stage1
seria_2;108;12;stage1
seria_2;117;13;stage1
seria_2;121;1;stage1
seria_2;122;15;stage1
seria_2;13;11;stage1
seria_2;37;6;stage1
seria_2;48;14;stage1
seria_2;50;10;stage1
seria_2;101;14;stage1
seria_2;105;3;stage1
seria_2;106;3;stage1
seria_2;107;1;stage1
seria_2;108;1;stage1
seria_2;109;1;stage1
seria_2;110;1;stage1
seria_2;111;1;stage1
seria_2;112;1;stage1
seria_2;17;8;stage1
seria_2;18;6;stage1
seria_2;19;7;stage1
seria_2;47;16;stage1
seria_2;52;17;stage1
seria_2;56;8;stage1
seria_2;63;9;stage1
seria_2;72;10;stage1
seria_2;75;9;stage1
seria_2;76;7;stage1
seria_2;76;9;stage1
seria_2;78;1;stage1
seria_2;88;1;stage1
seria_2;106;12;stage1
seria_2;106;2;stage1
seria_2;9;2;stage1
seria_2;15;2;stage1
seria_2;37;19;stage1
seria_2;46;9;stage1
seria_2;47;8;stage1
seria_2;48;7;stage1
seria_2;49;7;stage1
seria_2;50;7;stage1
seria_2;51;10;stage1
seria_2;52;9;stage1
seria_2;53;8;stage1
seria_2;57;16;stage1
seria_2;64;16;stage1
seria_2;74;15;stage1
seria_2;85;13;stage1
seria_2;123;3;stage1
seria_2;39;6;stage1
seria_2;40;6;stage1
seria_2;41;5;stage1
seria_2;42;5;stage1
seria_2;43;5;stage1
seria_2;55;10;stage1
seria_2;60;2;stage1
seria_2;63;2;stage1
seria_2;64;2;stage1
seria_2;66;2;stage1
seria_2;67;2;stage1
seria_2;71;2;stage1
seria_2;77;3;stage1
seria_2;78;3;stage1
seria_2;79;2;stage1
seria_2;80;4;stage1
seria_2;81;3;stage1
seria_2;84;4;stage1
seria_2;85;3;stage1
seria_2;86;3;stage1
seria_2;89;4;stage1
seria_2;91;3;stage1
seria_2;93;3;stage1
seria_2;104;2;stage1
seria_2;118;2;stage1
seria_2;121;5;stage1
seria_2;122;4;stage1
seria_3;158;6;stage1
seria_3;160;7;stage1
seria_3;2;15;stage1
seria_3;42;7;stage1
seria_3;67;10;stage1
seria_3;95;12;stage1
seria_3;119;4;stage1
seria_3;123;5;stage1
seria_3;168;15;stage1
seria_3;45;6;stage1
seria_3;49;5;stage1
seria_3;100;12;stage1
seria_3;122;3;stage1
seria_3;127;15;stage1
seria_3;140;13;stage1
seria_3;143;5;stage1
seria_3;10;6;stage1
seria_3;51;1;stage1
seria_3;52;1;stage1
seria_3;53;1;stage1
seria_3;53;8;stage1
seria_3;54;1;stage1
seria_3;55;1;stage1
seria_3;56;1;stage1
seria_3;57;1;stage1
seria_3;58;1;stage1
seria_3;59;9;stage1
seria_3;61;1;stage1
seria_3;62;2;stage1
seria_3;98;1;stage1
seria_3;99;11;stage1
seria_3;99;2;stage1
seria_3;100;9;stage1
seria_3;101;10;stage1
seria_3;102;3;stage1
seria_3;111;14;stage1
seria_3;112;14;stage1
seria_3;118;5;stage1
seria_3;124;12;stage1
seria_3;125;12;stage1
seria_3;126;9;stage1
seria_3;127;1;stage1
seria_3;127;9;stage1
seria_3;128;1;stage1
seria_3;128;6;stage1
seria_3;129;6;stage1
seria_3;136;9;stage1
seria_3;137;11;stage1
seria_3;138;11;stage1
seria_3;138;13;stage1
seria_3;139;11;stage1
seria_3;140;9;stage1
seria_3;141;8;stage1
seria_3;145;8;stage1
seria_3;146;8;stage1
seria_3;147;8;stage1
seria_3;148;9;stage1
seria_3;149;8;stage1
seria_3;150;8;stage1
seria_3;151;7;stage1
seria_3;152;6;stage1
seria_3;163;14;stage1
seria_3;163;8;stage1
seria_3;167;9;stage1
seria_3;173;11;stage1
seria_3;173;7;stage1
seria_3;174;11;stage1
seria_3;175;12;stage1
seria_3;182;7;stage1
seria_3;6;9;stage1
seria_3;14;13;stage1
seria_3;28;4;stage1
seria_3;32;1;stage1
seria_3;59;1;stage1
seria_3;77;6;stage1
seria_3;173;8;stage1
seria_3;8;7;stage1
seria_3;13;8;stage1
seria_3;32;8;stage1
seria_3;34;14;stage1
seria_3;43;3;stage1
seria_3;44;6;stage1
seria_3;45;1;stage1
seria_3;46;3;stage1
seria_3;50;2;stage1
seria_3;55;10;stage1
seria_3;56;8;stage1
seria_3;60;1;stage1
seria_3;60;8;stage1
seria_3;65;4;stage1
seria_3;67;9;stage1
seria_3;72;1;stage1
seria_3;116;15;stage1
seria_3;142;10;stage1
seria_3;161;7;stage1
seria_3;161;8;stage1
seria_3;178;10;stage1
seria_3;183;11;stage1
seria_3;1;5;stage1
seria_3;7;11;stage1
seria_3;19;2;stage1
seria_3;19;4;stage1
seria_3;26;15;stage1
seria_3;27;5;stage1
seria_3;54;7;stage1
seria_3;110;3;stage1
seria_3;113;1;stage1
seria_3;114;2;stage1
seria_3;115;2;stage1
seria_3;120;3;stage1
seria_3;122;2;stage1
seria_3;124;18;stage1
seria_3;125;11;stage1
seria_3;127;8;stage1
seria_3;130;18;stage1
seria_3;132;1;stage1
seria_3;135;17;stage1
seria_3;137;1;stage1
seria_3;141;12;stage1
seria_3;156;1;stage1
seria_3;158;1;stage1
seria_3;159;1;stage1
seria_3;163;1;stage1
seria_3;165;1;stage1
seria_3;175;8;stage1
seria_3;178;12;stage1
seria_3;180;17;stage1
seria_3;2;11;stage1
seria_3;14;2;stage1
seria_3;15;4;stage1
seria_3;16;7;stage1
seria_3;17;15;stage1
seria_3;20;16;stage1
seria_3;22;5;stage1
seria_3;23;3;stage1
seria_3;24;3;stage1
seria_3;31;9;stage1
seria_3;35;13;stage1
seria_3;36;14;stage1
seria_3;38;14;stage1
seria_3;39;14;stage1
seria_3;41;15;stage1
seria_3;42;12;stage1
seria_3;43;15;stage1
seria_3;44;11;stage1
seria_3;45;4;stage1
seria_3;49;6;stage1
seria_3;50;8;stage1
seria_3;51;9;stage1
seria_3;52;11;stage1
seria_3;53;15;stage1
seria_3;56;6;stage1
seria_3;67;8;stage1
seria_3;77;12;stage1
seria_3;82;8;stage1
seria_3;91;14;stage1
seria_3;92;9;stage1
seria_3;95;11;stage1
seria_3;95;13;stage1
seria_3;96;11;stage1
seria_3;97;11;stage1
seria_3;98;9;stage1
seria_3;100;2;stage1
seria_3;102;7;stage1
seria_3;140;14;stage1
seria_3;149;18;stage1
seria_3;150;18;stage1
seria_3;152;15;stage1
seria_3;161;4;stage1
seria_3;1;11;stage1
seria_3;2;13;stage1
seria_3;10;14;stage1
seria_3;20;5;stage1
seria_3;30;10;stage1
seria_3;30;4;stage1
seria_3;32;2;stage1
seria_3;40;4;stage1
seria_3;41;8;stage1
seria_3;44;7;stage1
seria_3;46;11;stage1
seria_3;47;11;stage1
seria_3;48;15;stage1
seria_3;50;9;stage1
seria_3;52;6;stage1
seria_3;57;3;stage1
seria_3;66;18;stage1
seria_3;78;1;stage1
seria_3;81;17;stage1
seria_3;83;4;stage1
seria_3;85;12;stage1
seria_3;101;15;stage1
seria_3;102;12;stage1
seria_3;110;10;stage1
seria_3;110;12;stage1
seria_3;113;11;stage1
seria_3;115;1;stage1
seria_3;116;16;stage1
seria_3;117;2;stage1
seria_3;125;2;stage1
seria_3;131;12;stage1
seria_3;137;16;stage1
seria_3;139;17;stage1
seria_3;140;10;stage1
seria_3;140;15;stage1
seria_3;157;5;stage1
seria_3;161;15;stage1
seria_3;177;15;stage1
seria_3;58;12;stage1
seria_3;71;14;stage1
seria_3;149;16;stage1
seria_3;21;8;stage1
seria_3;22;9;stage1
seria_3;23;8;stage1
seria_3;34;11;stage1
seria_3;51;11;stage1
seria_3;53;14;stage1
seria_3;53;7;stage1
seria_3;55;14;stage1
seria_3;57;5;stage1
seria_3;58;5;stage1
seria_3;59;8;stage1
seria_3;64;14;stage1
seria_3;72;13;stage1
seria_3;74;12;stage1
seria_3;75;16;stage1
seria_3;80;14;stage1
seria_3;81;16;stage1
seria_3;81;18;stage1
seria_3;82;15;stage1
seria_3;83;15;stage1
seria_3;83;18;stage1
seria_3;90;16;stage1
seria_3;95;18;stage1
seria_3;97;15;stage1
seria_3;104;16;stage1
seria_3;105;17;stage1
seria_3;118;10;stage1
seria_3;123;3;stage1
seria_3;134;18;stage1
seria_3;139;18;stage1
seria_3;165;15;stage1
seria_3;170;19;stage1
seria_3;172;14;stage1
seria_3;180;16;stage1
seria_3;78;16;stage1
seria_3;1;7;stage1
seria_3;2;5;stage1
seria_3;10;8;stage1
seria_3;16;13;stage1
seria_3;18;7;stage1
seria_3;25;11;stage1
seria_3;31;15;stage1
seria_3;43;1;stage1
seria_3;83;19;stage1
seria_3;84;16;stage1
seria_3;85;14;stage1
seria_3;90;6;stage1
seria_3;110;9;stage1
seria_3;122;12;stage1
seria_3;126;14;stage1
seria_3;127;18;stage1
seria_3;128;8;stage1
seria_3;142;18;stage1
seria_3;144;7;stage1
seria_3;148;8;stage1
seria_3;149;20;stage1
seria_3;149;9;stage1
seria_3;150;7;stage1
seria_3;152;7;stage1
seria_3;153;8;stage1
seria_3;154;10;stage1
seria_3;158;9;stage1
seria_3;159;13;stage1
seria_3;159;15;stage1
seria_3;160;17;stage1
seria_3;164;5;stage1
seria_3;166;12;stage1
seria_3;167;13;stage1
seria_3;168;11;stage1
seria_3;169;13;stage1
seria_3;182;14;stage1
seria_3;184;5;stage1
seria_3;2;10;stage1
seria_3;13;4;stage1
seria_3;42;4;stage1
seria_3;45;2;stage1
seria_3;46;4;stage1
seria_3;48;5;stage1
seria_3;54;3;stage1
seria_3;100;8;stage1
seria_3;109;3;stage1
seria_3;145;9;stage1
seria_3;147;7;stage1
seria_3;156;8;stage1
seria_3;157;7;stage1
seria_3;161;16;stage1
seria_3;175;17;stage1
seria_3;1;8;stage1
seria_3;14;10;stage1
seria_3;15;9;stage1
seria_3;17;9;stage1
seria_3;21;3;stage1
seria_3;22;2;stage1
seria_3;26;16;stage1
seria_3;47;1;stage1
seria_3;50;1;stage1
seria_3;57;6;stage1
seria_3;59;10;stage1
seria_3;69;15;stage1
seria_3;76;3;stage1
seria_3;84;19;stage1
seria_3;94;16;stage1
seria_3;119;12;stage1
seria_3;122;9;stage1
seria_3;174;3;stage1
seria_3;184;14;stage1
seria_3;184;3;stage1
seria_3;14;8;stage1
seria_3;16;8;stage1
seria_3;32;3;stage1
seria_3;66;19;stage1
seria_3;97;10;stage1
seria_3;101;13;stage1
seria_3;108;9;stage1
seria_3;113;3;stage1
seria_3;136;17;stage1
seria_3;137;17;stage1
seria_3;138;16;stage1
seria_3;140;18;stage1
seria_3;141;16;stage1
seria_3;142;16;stage1
seria_3;142;17;stage1
seria_3;178;7;stage1
seria_3;179;5;stage1
seria_3;181;7;stage1
seria_3;182;6;stage1
seria_3;183;8;stage1
seria_3;7;6;stage1
seria_3;12;5;stage1
seria_3;13;13;stage1
seria_3;13;7;stage1
seria_3;15;11;stage1
seria_3;34;8;stage1
seria_3;35;11;stage1
seria_3;39;3;stage1
seria_3;41;10;stage1
seria_3;41;2;stage1
seria_3;42;1;stage1
seria_3;44;12;stage1
seria_3;45;10;stage1
seria_3;46;1;stage1
seria_3;47;7;stage1
seria_3;48;1;stage1
seria_3;49;2;stage1
seria_3;50;4;stage1
seria_3;51;6;stage1
seria_3;53;9;stage1
seria_3;55;3;stage1
seria_3;57;10;stage1
seria_3;61;13;stage1
seria_3;64;5;stage1
seria_3;74;4;stage1
seria_3;75;4;stage1
seria_3;76;6;stage1
seria_3;77;5;stage1
seria_3;78;5;stage1
seria_3;79;7;stage1
seria_3;80;5;stage1
seria_3;81;3;stage1
seria_3;82;4;stage1
seria_3;83;5;stage1
seria_3;84;4;stage1
seria_3;99;5;stage1
seria_3;100;13;stage1
seria_3;106;4;stage1
seria_3;107;16;stage1
seria_3;107;3;stage1
seria_3;108;5;stage1
seria_3;111;10;stage1
seria_3;111;4;stage1
seria_3;112;1;stage1
seria_3;116;4;stage1
seria_3;116;6;stage1
seria_3;118;11;stage1
seria_3;128;14;stage1
seria_3;139;1;stage1
seria_3;157;11;stage1
seria_3;13;2;stage1
seria_3;64;18;stage1
seria_3;75;9;stage1
seria_3;105;14;stage1
seria_3;109;18;stage1
seria_3;110;13;stage1
seria_3;139;16;stage1
seria_3;159;14;stage1
seria_3;3;12;stage1
seria_3;4;12;stage1
seria_3;5;12;stage1
seria_3;30;15;stage1
seria_3;31;11;stage1
seria_3;36;1;stage1
seria_3;59;4;stage1
seria_3;66;12;stage1
seria_3;72;10;stage1
seria_3;73;10;stage1
seria_3;74;9;stage1
seria_3;75;8;stage1
seria_3;76;4;stage1
seria_3;87;4;stage1
seria_3;92;11;stage1
seria_3;103;1;stage1
seria_3;104;2;stage1
seria_3;109;15;stage1
seria_3;109;8;stage1
seria_3;119;11;stage1
seria_3;130;15;stage1
seria_3;146;13;stage1
seria_3;147;13;stage1
seria_3;150;3;stage1
seria_3;152;1;stage1
seria_3;154;15;stage1
seria_3;157;13;stage1
seria_3;158;5;stage1
seria_3;180;5;stage1
seria_3;184;9;stage1
seria_3;11;8;stage1
seria_3;14;7;stage1
seria_3;43;2;stage1
seria_3;49;3;stage1
seria_3;94;6;stage1
seria_3;112;8;stage1
seria_3;113;8;stage1
seria_3;123;1;stage1
seria_3;125;3;stage1
seria_3;155;6;stage1
seria_3;172;7;stage1
seria_3;176;7;stage1
seria_3;178;6;stage1
seria_3;8;14;stage1
seria_3;11;14;stage1
seria_3;18;9;stage1
seria_3;25;2;stage1
seria_3;26;3;stage1
seria_3;30;1;stage1
seria_3;31;2;stage1
seria_3;36;15;stage1
seria_3;36;4;stage1
seria_3;47;13;stage1
seria_3;52;10;stage1
seria_3;58;4;stage1
seria_3;65;15;stage1
seria_3;66;8;stage1
seria_3;68;7;stage1
seria_3;70;10;stage1
seria_3;73;18;stage1
seria_3;80;7;stage1
seria_3;82;16;stage1
seria_3;83;16;stage1
seria_3;87;16;stage1
seria_3;88;15;stage1
seria_3;89;12;stage1
seria_3;90;14;stage1
seria_3;91;15;stage1
seria_3;94;5;stage1
seria_3;95;10;stage1
seria_3;100;1;stage1
seria_3;101;1;stage1
seria_3;105;11;stage1
seria_3;115;13;stage1
seria_3;116;1;stage1
seria_3;118;2;stage1
seria_3;119;6;stage1
seria_3;123;4;stage1
seria_3;132;13;stage1
seria_3;136;7;stage1
seria_3;169;1;stage1
seria_3;181;17;stage1
seria_3;8;11;stage1
seria_3;17;7;stage1
seria_3;24;9;stage1
seria_3;28;15;stage1
seria_3;30;5;stage1
seria_3;31;5;stage1
seria_3;32;7;stage1
seria_3;44;13;stage1
seria_3;44;14;stage1
seria_3;45;11;stage1
seria_3;46;13;stage1
seria_3;49;9;stage1
seria_3;50;7;stage1
seria_3;60;7;stage1
seria_3;86;4;stage1
seria_3;126;1;stage1
seria_3;131;15;stage1
seria_3;148;1;stage1
seria_3;152;10;stage1
seria_3;160;1;stage1
seria_3;184;4;stage1
seria_3;10;9;stage1
seria_3;26;11;stage1
seria_3;34;15;stage1
seria_3;37;3;stage1
seria_3;39;6;stage1
seria_3;40;12;stage1
seria_3;46;2;stage1
seria_3;59;14;stage1
seria_3;64;11;stage1
seria_3;65;10;stage1
seria_3;80;1;stage1
seria_3;99;10;stage1
seria_3;101;9;stage1
seria_3;102;2;stage1
seria_3;106;8;stage1
seria_3;121;11;stage1
seria_3;127;2;stage1
seria_3;134;10;stage1
seria_3;154;13;stage1
seria_3;157;4;stage1
seria_3;160;2;stage1
seria_3;163;5;stage1
seria_3;177;7;stage1
seria_3;43;8;stage1
seria_3;56;3;stage1
seria_3;71;9;stage1
seria_3;105;1;stage1
seria_4;35;8;stage1
seria_4;40;8;stage1
seria_4;44;3;stage1
seria_4;50;2;stage1
seria_4;53;8;stage1
seria_4;55;13;stage1
seria_4;61;11;stage1
seria_4;62;13;stage1
seria_4;106;6;stage1
seria_4;107;6;stage1
seria_4;132;8;stage1
seria_4;169;10;stage1
seria_4;172;8;stage1
seria_4;25;5;stage1
seria_4;48;6;stage1
seria_4;49;6;stage1
seria_4;50;6;stage1
seria_4;69;10;stage1
seria_4;80;18;stage1
seria_4;89;5;stage1
seria_4;181;7;stage1
seria_4;182;8;stage1
seria_4;184;9;stage1
seria_4;5;10;stage1
seria_4;11;5;stage1
seria_4;21;12;stage1
seria_4;24;6;stage1
seria_4;31;7;stage1
seria_4;31;9;stage1
seria_4;32;7;stage1
seria_4;33;11;stage1
seria_4;37;11;stage1
seria_4;42;6;stage1
seria_4;45;5;stage1
seria_4;50;7;stage1
seria_4;51;3;stage1
seria_4;71;8;stage1
seria_4;73;9;stage1
seria_4;74;16;stage1
seria_4;80;14;stage1
seria_4;85;10;stage1
seria_4;86;16;stage1
seria_4;87;11;stage1
seria_4;88;11;stage1
seria_4;94;14;stage1
seria_4;95;14;stage1
seria_4;96;16;stage1
seria_4;98;16;stage1
seria_4;101;6;stage1
seria_4;110;1;stage1
seria_4;111;1;stage1
seria_4;115;1;stage1
seria_4;116;3;stage1
seria_4;118;1;stage1
seria_4;119;2;stage1
seria_4;122;3;stage1
seria_4;146;6;stage1
seria_4;171;11;stage1
seria_4;173;11;stage1
seria_4;16;15;stage1
seria_4;17;15;stage1
seria_4;18;16;stage1
seria_4;19;15;stage1
seria_4;21;15;stage1
seria_4;22;12;stage1
seria_4;22;15;stage1
seria_4;23;13;stage1
seria_4;24;9;stage1
seria_4;25;16;stage1
seria_4;25;9;stage1
seria_4;26;14;stage1
seria_4;38;12;stage1
seria_4;39;11;stage1
seria_4;49;1;stage1
seria_4;54;12;stage1
seria_4;60;12;stage1
seria_4;89;17;stage1
seria_4;120;3;stage1
seria_4;123;3;stage1
seria_4;174;9;stage1
seria_4;175;13;stage1
seria_4;177;8;stage1
seria_4;2;10;stage1
seria_4;3;7;stage1
seria_4;4;14;stage1
seria_4;8;13;stage1
seria_4;12;5;stage1
seria_4;13;5;stage1
seria_4;14;16;stage1
seria_4;22;1;stage1
seria_4;28;2;stage1
seria_4;39;5;stage1
seria_4;53;9;stage1
seria_4;54;13;stage1
seria_4;77;15;stage1
seria_4;102;4;stage1
seria_4;105;2;stage1
seria_4;114;6;stage1
seria_4;173;8;stage1
seria_4;176;8;stage1
seria_4;177;11;stage1
seria_4;177;9;stage1
seria_4;2;3;stage1
seria_4;32;6;stage1
seria_4;119;12;stage1
seria_4;4;8;stage1
seria_4;9;7;stage1
seria_4;10;5;stage1
seria_4;13;7;stage1
seria_4;16;14;stage1
seria_4;17;16;stage1
seria_4;18;17;stage1
seria_4;21;10;stage1
seria_4;33;12;stage1
seria_4;36;5;stage1
seria_4;36;9;stage1
seria_4;38;6;stage1
seria_4;39;7;stage1
seria_4;51;10;stage1
seria_4;53;10;stage1
seria_4;55;7;stage1
seria_4;60;16;stage1
seria_4;65;17;stage1
seria_4;75;17;stage1
seria_4;79;5;stage1
seria_4;85;3;stage1
seria_4;87;6;stage1
seria_4;90;10;stage1
seria_4;96;1;stage1
seria_4;99;2;stage1
seria_4;100;6;stage1
seria_4;151;15;stage1
seria_4;164;1;stage1
seria_4;165;3;stage1
seria_4;167;1;stage1
seria_4;168;17;stage1
seria_4;169;13;stage1
seria_4;5;11;stage1
seria_4;13;12;stage1
seria_4;17;4;stage1
seria_4;23;10;stage1
seria_4;32;3;stage1
seria_4;34;6;stage1
seria_4;36;2;stage1
seria_4;38;14;stage1
seria_4;81;16;stage1
seria_4;83;17;stage1
seria_4;124;15;stage1
seria_4;168;1;stage1
seria_4;5;7;stage1
seria_4;7;6;stage1
seria_4;14;10;stage1
seria_4;16;2;stage1
seria_4;17;8;stage1
seria_4;18;6;stage1
seria_4;22;2;stage1
seria_4;26;10;stage1
seria_4;28;6;stage1
seria_4;30;6;stage1
seria_4;43;6;stage1
seria_4;45;16;stage1
seria_4;55;10;stage1
seria_4;57;16;stage1
seria_4;60;8;stage1
seria_4;61;10;stage1
seria_4;61;8;stage1
seria_4;71;10;stage1
seria_4;103;11;stage1
seria_4;123;15;stage1
seria_4;135;6;stage1
seria_4;180;6;stage1
seria_4;182;7;stage1
seria_4;19;4;stage1
seria_4;32;9;stage1
seria_4;34;10;stage1
seria_4;37;10;stage1
seria_4;39;12;stage1
seria_4;41;14;stage1
seria_4;44;9;stage1
seria_4;45;11;stage1
seria_4;55;9;stage1
seria_4;94;15;stage1
seria_4;94;8;stage1
seria_4;95;8;stage1
seria_4;96;17;stage1
seria_4;113;4;stage1
seria_4;118;7;stage1
seria_4;119;9;stage1
seria_4;138;14;stage1
seria_4;144;15;stage1
seria_4;146;13;stage1
seria_4;147;16;stage1
seria_4;149;14;stage1
seria_4;150;16;stage1
seria_4;158;7;stage1
seria_4;161;6;stage1
seria_4;165;2;stage1
seria_4;180;4;stage1
seria_4;183;4;stage1
seria_4;185;11;stage1
seria_4;185;6;stage1
seria_4;13;10;stage1
seria_4;14;12;stage1
seria_4;28;1;stage1
seria_4;29;1;stage1
seria_4;30;5;stage1
seria_4;33;7;stage1
seria_4;34;11;stage1
seria_4;37;6;stage1
seria_4;39;14;stage1
seria_4;42;5;stage1
seria_4;43;5;stage1
seria_4;44;4;stage1
seria_4;45;7;stage1
seria_4;50;5;stage1
seria_4;51;8;stage1
seria_4;67;7;stage1
seria_4;69;11;stage1
seria_4;71;14;stage1
seria_4;114;10;stage1
seria_4;116;8;stage1
seria_4;117;10;stage1
seria_4;123;9;stage1
seria_4;183;7;stage1
seria_4;1;8;stage1
seria_4;19;11;stage1
seria_4;29;7;stage1
seria_4;30;10;stage1
seria_4;34;8;stage1
seria_4;35;6;stage1
seria_4;38;5;stage1
seria_4;41;7;stage1
seria_4;60;5;stage1
seria_4;61;6;stage1
seria_4;73;11;stage1
seria_4;74;10;stage1
seria_4;75;1;stage1
seria_4;77;1;stage1
seria_4;78;1;stage1
seria_4;102;7;stage1
seria_4;109;6;stage1
seria_4;111;8;stage1
seria_4;115;12;stage1
seria_4;118;12;stage1
seria_4;183;11;stage1
seria_4;5;13;stage1
seria_4;6;11;stage1
seria_4;9;13;stage1
seria_4;15;7;stage1
seria_4;30;2;stage1
seria_4;36;4;stage1
seria_4;124;12;stage1
seria_4;128;9;stage1
seria_4;134;12;stage1
seria_4;135;14;stage1
seria_4;161;1;stage1
seria_4;9;6;stage1
seria_4;24;1;stage1
seria_4;25;10;stage1
seria_4;26;9;stage1
seria_4;27;7;stage1
seria_4;38;13;stage1
seria_4;40;5;stage1
seria_4;49;7;stage1
seria_4;50;9;stage1
seria_4;59;1;stage1
seria_4;64;5;stage1
seria_4;69;7;stage1
seria_4;75;15;stage1
seria_4;82;5;stage1
seria_4;84;5;stage1
seria_4;85;5;stage1
seria_4;86;5;stage1
seria_4;87;5;stage1
seria_4;88;4;stage1
seria_4;103;3;stage1
seria_4;106;2;stage1
seria_4;106;5;stage1
seria_4;107;2;stage1
seria_4;108;2;stage1
seria_4;109;10;stage1
seria_4;110;3;stage1
seria_4;111;3;stage1
seria_4;112;3;stage1
seria_4;114;2;stage1
seria_4;116;1;stage1
seria_4;124;10;stage1
seria_4;132;10;stage1
seria_4;148;9;stage1
seria_4;8;10;stage1
seria_4;13;3;stage1
seria_4;18;10;stage1
seria_4;20;11;stage1
seria_4;24;10;stage1
seria_4;29;2;stage1
seria_4;29;5;stage1
seria_4;30;3;stage1
seria_4;31;2;stage1
seria_4;32;1;stage1
seria_4;33;4;stage1
seria_4;33;5;stage1
seria_4;35;1;stage1
seria_4;35;7;stage1
seria_4;35;9;stage1
seria_4;36;11;stage1
seria_4;40;11;stage1
seria_4;48;10;stage1
seria_4;53;13;stage1
seria_4;84;11;stage1
seria_4;85;15;stage1
seria_4;86;13;stage1
seria_4;87;16;stage1
seria_4;93;5;stage1
seria_4;116;7;stage1
seria_4;119;8;stage1
seria_4;123;8;stage1
seria_4;127;14;stage1
seria_4;130;11;stage1
seria_4;131;5;stage1
seria_4;131;9;stage1
seria_4;132;5;stage1
seria_4;133;3;stage1
seria_4;142;8;stage1
seria_4;145;8;stage1
seria_4;158;8;stage1
seria_4;160;9;stage1
seria_4;162;8;stage1
seria_4;163;11;stage1
seria_4;163;8;stage1
seria_4;164;14;stage1
seria_4;164;2;stage1
seria_4;8;4;stage1
seria_4;14;4;stage1
seria_4;15;4;stage1
seria_4;16;3;stage1
seria_4;16;4;stage1
seria_4;18;12;stage1
seria_4;23;12;stage1
seria_4;25;12;stage1
seria_4;28;11;stage1
seria_4;84;16;stage1
seria_4;126;15;stage1
seria_4;130;16;stage1
seria_4;151;9;stage1
seria_4;155;2;stage1
seria_4;162;15;stage1
seria_4;179;5;stage1
seria_4;83;9;stage1
seria_4;95;6;stage1
seria_4;109;17;stage1
seria_4;143;9;stage1
seria_4;1;10;stage1
seria_4;25;6;stage1
seria_4;28;9;stage1
seria_4;32;5;stage1
seria_4;34;9;stage1
seria_4;36;12;stage1
seria_4;47;7;stage1
seria_4;58;5;stage1
seria_4;66;6;stage1
seria_4;67;6;stage1
seria_4;81;9;stage1
seria_4;87;15;stage1
seria_4;88;15;stage1
seria_4;94;10;stage1
seria_4;95;16;stage1
seria_4;103;9;stage1
seria_4;106;12;stage1
seria_4;109;7;stage1
seria_4;117;8;stage1
seria_4;119;14;stage1
seria_4;121;9;stage1
seria_4;122;8;stage1
seria_4;124;6;stage1
seria_4;125;5;stage1
seria_4;126;6;stage1
seria_4;127;6;stage1
seria_4;128;6;stage1
seria_4;129;6;stage1
seria_4;130;8;stage1
seria_4;131;7;stage1
seria_4;132;7;stage1
seria_4;133;6;stage1
seria_4;134;6;stage1
seria_4;135;5;stage1
seria_4;136;5;stage1
seria_4;137;4;stage1
seria_4;138;6;stage1
seria_4;139;4;stage1
seria_4;140;5;stage1
seria_4;141;5;stage1
seria_4;142;6;stage1
seria_4;143;6;stage1
seria_4;144;5;stage1
seria_4;145;6;stage1
seria_4;146;4;stage1
seria_4;147;5;stage1
seria_4;148;4;stage1
seria_4;149;3;stage1
seria_4;150;4;stage1
seria_4;151;4;stage1
seria_4;152;4;stage1
seria_4;153;1;stage1
seria_4;153;6;stage1
seria_4;154;6;stage1
seria_4;155;1;stage1
seria_4;155;6;stage1
seria_4;156;6;stage1
seria_4;157;5;stage1
seria_4;158;5;stage1
seria_4;159;14;stage1
seria_4;159;5;stage1
seria_4;160;3;stage1
seria_4;161;3;stage1
seria_4;162;3;stage1
seria_4;163;4;stage1
seria_4;164;6;stage1
seria_4;165;8;stage1
seria_4;166;4;stage1
seria_4;167;6;stage1
seria_4;168;5;stage1
seria_4;169;1;stage1
seria_4;170;4;stage1
seria_4;1;7;stage1
seria_4;18;13;stage1
seria_4;21;1;stage1
seria_4;54;5;stage1
seria_4;65;1;stage1
seria_4;104;2;stage1
seria_4;114;16;stage1
seria_4;115;15;stage1
seria_4;117;3;stage1
seria_4;117;9;stage1
seria_4;121;13;stage1
seria_4;151;13;stage1
seria_4;156;11;stage1
seria_4;167;8;stage1
seria_4;168;9;stage1
seria_4;172;7;stage1
seria_4;173;6;stage1
seria_4;180;7;stage1
seria_4;1;3;stage1
seria_4;3;6;stage1
seria_4;4;6;stage1
seria_4;7;15;stage1
seria_4;9;8;stage1
seria_4;10;6;stage1
seria_4;13;2;stage1
seria_4;16;6;stage1
seria_4;19;8;stage1
seria_4;22;9;stage1
seria_4;23;11;stage1
seria_4;26;2;stage1
seria_4;28;5;stage1
seria_4;45;8;stage1
seria_4;46;1;stage1
seria_4;48;1;stage1
seria_4;55;14;stage1
seria_4;56;14;stage1
seria_4;64;19;stage1
seria_4;65;14;stage1
seria_4;66;14;stage1
seria_4;68;1;stage1
seria_4;98;14;stage1
seria_4;99;16;stage1
seria_4;101;11;stage1
seria_4;109;11;stage1
seria_4;109;12;stage1
seria_4;118;10;stage1
seria_4;170;9;stage1
seria_4;171;3;stage1
seria_4;171;9;stage1
seria_4;172;5;stage1
seria_4;185;13;stage1
seria_4;185;7;stage1
seria_4;11;6;stage1
seria_4;12;9;stage1
seria_4;13;14;stage1
seria_4;14;15;stage1
seria_4;15;9;stage1
seria_4;16;13;stage1
seria_4;25;4;stage1
seria_4;33;9;stage1
seria_4;37;8;stage1
seria_4;45;10;stage1
seria_4;63;11;stage1
seria_4;64;14;stage1
seria_4;81;7;stage1
seria_4;85;6;stage1
seria_4;93;15;stage1
seria_4;94;16;stage1
seria_4;95;10;stage1
seria_4;98;1;stage1
seria_4;99;8;stage1
seria_4;106;14;stage1
seria_4;108;10;stage1
seria_4;118;5;stage1
seria_4;123;5;stage1
seria_4;125;7;stage1
seria_4;145;9;stage1
seria_4;148;7;stage1
seria_4;160;1;stage1
seria_4;181;8;stage1
seria_4;9;2;stage1
seria_4;20;9;stage1
seria_4;21;3;stage1
seria_4;21;7;stage1
seria_4;73;12;stage1
seria_4;103;7;stage1
seria_4;110;7;stage1
seria_4;110;9;stage1
seria_4;114;5;stage1
seria_4;122;10;stage1
seria_4;125;15;stage1
seria_4;144;9;stage1
seria_4;174;10;stage1
seria_4;175;5;stage1
seria_4;183;6;stage1
seria_4;184;15;stage1
seria_4;6;7;stage1
seria_5;20;11;stage1
seria_5;1;11;stage1
seria_5;143;2;stage1
seria_5;9;5;stage1
seria_5;14;5;stage1
seria_5;15;6;stage1
seria_5;41;6;stage1
seria_5;44;7;stage1
seria_5;47;7;stage1
seria_5;54;12;stage1
seria_5;61;10;stage1
seria_5;62;10;stage1
seria_5;66;13;stage1
seria_5;75;7;stage1
seria_5;82;8;stage1
seria_5;88;8;stage1
seria_5;92;3;stage1
seria_5;95;6;stage1
seria_5;101;8;stage1
seria_5;102;7;stage1
seria_5;105;9;stage1
seria_5;106;9;stage1
seria_5;107;8;stage1
seria_5;139;2;stage1
seria_5;185;8;stage1
seria_5;18;5;stage1
seria_5;22;8;stage1
seria_5;51;6;stage1
seria_5;66;5;stage1
seria_5;67;6;stage1
seria_5;70;10;stage1
seria_5;71;14;stage1
seria_5;71;6;stage1
seria_5;3;10;stage1
seria_5;6;7;stage1
seria_5;16;8;stage1
seria_5;23;10;stage1
seria_5;51;14;stage1
seria_5;64;12;stage1
seria_5;67;10;stage1
seria_5;72;2;stage1
seria_5;76;2;stage1
seria_5;91;13;stage1
seria_5;93;11;stage1
seria_5;115;11;stage1
seria_5;132;3;stage1
seria_5;154;7;stage1
seria_5;157;9;stage1
seria_5;161;13;stage1
seria_5;166;1;stage1
seria_5;173;4;stage1
seria_5;179;8;stage1
seria_5;61;12;stage1
seria_5;62;7;stage1
seria_5;72;4;stage1
seria_5;73;5;stage1
seria_5;74;14;stage1
seria_5;75;13;stage1
seria_5;81;15;stage1
seria_5;82;16;stage1
seria_5;87;15;stage1
seria_5;90;14;stage1
seria_5;102;13;stage1
seria_5;132;18;stage1
seria_5;133;18;stage1
seria_5;137;4;stage1
seria_5;142;2;stage1
seria_5;147;10;stage1
seria_5;19;7;stage1
seria_5;20;9;stage1
seria_5;46;7;stage1
seria_5;47;8;stage1
seria_5;48;5;stage1
seria_5;49;14;stage1
seria_5;50;7;stage1
seria_5;51;7;stage1
seria_5;55;12;stage1
seria_5;64;10;stage1
seria_5;66;6;stage1
seria_5;89;8;stage1
seria_5;98;8;stage1
seria_5;102;8;stage1
seria_5;104;13;stage1
seria_5;113;9;stage1
seria_5;156;12;stage1
seria_5;170;9;stage1
seria_5;172;7;stage1
seria_5;184;8;stage1
seria_5;128;11;stage1
seria_5;145;14;stage1
seria_5;7;15;stage1
seria_5;10;4;stage1
seria_5;12;7;stage1
seria_5;71;8;stage1
seria_5;76;8;stage1
seria_5;95;10;stage1
seria_5;110;9;stage1
seria_5;126;1;stage1
seria_5;143;11;stage1
seria_5;145;15;stage1
seria_5;149;11;stage1
seria_5;156;15;stage1
seria_5;160;12;stage1
seria_5;163;14;stage1
seria_5;165;13;stage1
seria_5;168;3;stage1
seria_5;169;5;stage1
seria_5;183;6;stage1
seria_5;28;10;stage1
seria_5;56;11;stage1
seria_5;111;10;stage1
seria_5;111;6;stage1
seria_5;128;12;stage1
seria_5;129;11;stage1
seria_5;130;10;stage1
seria_5;131;10;stage1
seria_5;134;8;stage1
seria_5;137;5;stage1
seria_5;153;10;stage1
seria_5;156;11;stage1
seria_5;158;8;stage1
seria_5;164;5;stage1
seria_5;165;5;stage1
seria_5;167;10;stage1
seria_5;176;8;stage1
seria_5;178;10;stage1
seria_5;181;11;stage1
seria_5;185;6;stage1
seria_5;186;12;stage1
seria_5;187;12;stage1
seria_5;20;7;stage1
seria_5;22;9;stage1
seria_5;42;2;stage1
seria_5;45;7;stage1
seria_5;63;11;stage1
seria_5;63;2;stage1
seria_5;64;11;stage1
seria_5;65;9;stage1
seria_5;69;11;stage1
seria_5;71;4;stage1
seria_5;71;5;stage1
seria_5;72;6;stage1
seria_5;81;10;stage1
seria_5;82;11;stage1
seria_5;83;5;stage1
seria_5;88;10;stage1
seria_5;96;2;stage1
seria_5;107;3;stage1
seria_5;108;4;stage1
seria_5;111;11;stage1
seria_5;119;5;stage1
seria_5;119;9;stage1
seria_5;120;5;stage1
seria_5;120;9;stage1
seria_5;126;10;stage1
seria_5;147;15;stage1
seria_5;148;14;stage1
seria_5;148;19;stage1
seria_5;151;15;stage1
seria_5;157;16;stage1
seria_5;158;4;stage1
seria_5;168;13;stage1
seria_5;169;11;stage1
seria_5;175;1;stage1
seria_5;185;2;stage1
seria_5;186;7;stage1
seria_5;187;2;stage1
seria_5;188;8;stage1
seria_5;6;3;stage1
seria_5;7;8;stage1
seria_5;13;11;stage1
seria_5;22;2;stage1
seria_5;36;5;stage1
seria_5;37;7;stage1
seria_5;38;5;stage1
seria_5;58;10;stage1
seria_5;63;7;stage1
seria_5;72;12;stage1
seria_5;73;4;stage1
seria_5;96;12;stage1
seria_5;96;4;stage1
seria_5;97;13;stage1
seria_5;98;15;stage1
seria_5;98;3;stage1
seria_5;11;5;stage1
seria_5;17;6;stage1
seria_5;20;10;stage1
seria_5;77;7;stage1
seria_5;84;9;stage1
seria_5;95;5;stage1
seria_5;3;12;stage1
seria_5;4;12;stage1
seria_5;36;4;stage1
seria_5;38;8;stage1
seria_5;41;8;stage1
seria_5;45;6;stage1
seria_5;97;10;stage1
seria_5;103;13;stage1
seria_5;138;4;stage1
seria_5;139;6;stage1
seria_5;140;5;stage1
seria_5;141;3;stage1
seria_5;142;7;stage1
seria_5;143;6;stage1
seria_5;144;4;stage1
seria_5;186;8;stage1
seria_5;187;8;stage1
seria_5;188;7;stage1
seria_5;189;7;stage1
seria_5;190;8;stage1
seria_5;191;8;stage1
seria_5;2;11;stage1
seria_5;5;14;stage1
seria_5;6;16;stage1
seria_5;21;11;stage1
seria_5;27;4;stage1
seria_5;42;5;stage1
seria_5;44;5;stage1
seria_5;47;6;stage1
seria_5;49;13;stage1
seria_5;51;5;stage1
seria_5;51;8;stage1
seria_5;52;5;stage1
seria_5;52;6;stage1
seria_5;54;4;stage1
seria_5;55;5;stage1
seria_5;56;5;stage1
seria_5;57;4;stage1
seria_5;58;14;stage1
seria_5;59;4;stage1
seria_5;60;14;stage1
seria_5;61;11;stage1
seria_5;62;4;stage1
seria_5;63;4;stage1
seria_5;64;4;stage1
seria_5;65;4;stage1
seria_5;69;4;stage1
seria_5;70;12;stage1
seria_5;71;3;stage1
seria_5;97;11;stage1
seria_5;98;12;stage1
seria_5;16;9;stage1
seria_5;18;8;stage1
seria_5;19;8;stage1
seria_5;40;14;stage1
seria_5;41;11;stage1
seria_5;42;8;stage1
seria_5;43;8;stage1
seria_5;44;9;stage1
seria_5;45;9;stage1
seria_5;46;10;stage1
seria_5;47;10;stage1
seria_5;48;9;stage1
seria_5;49;8;stage1
seria_5;50;9;stage1
seria_5;51;10;stage1
seria_5;52;8;stage1
seria_5;53;11;stage1
seria_5;53;7;stage1
seria_5;54;8;stage1
seria_5;55;8;stage1
seria_5;56;7;stage1
seria_5;57;6;stage1
seria_5;58;6;stage1
seria_5;59;6;stage1
seria_5;60;6;stage1
seria_5;61;6;stage1
seria_5;62;6;stage1
seria_5;63;12;stage1
seria_5;63;6;stage1
seria_5;64;6;stage1
seria_5;65;6;stage1
seria_5;66;9;stage1
seria_5;67;7;stage1
seria_5;68;9;stage1
seria_5;69;8;stage1
seria_5;89;9;stage1
seria_5;94;9;stage1
seria_5;95;11;stage1
seria_5;106;14;stage1
seria_5;110;8;stage1
seria_5;117;14;stage1
seria_5;118;13;stage1
seria_5;119;14;stage1
seria_5;120;14;stage1
seria_5;121;14;stage1
seria_5;122;16;stage1
seria_5;123;16;stage1
seria_5;124;14;stage1
seria_5;125;14;stage1
seria_5;126;15;stage1
seria_5;127;14;stage1
seria_5;128;16;stage1
seria_5;129;14;stage1
seria_5;130;13;stage1
seria_5;131;13;stage1
seria_5;151;7;stage1
seria_5;152;7;stage1
seria_5;153;8;stage1
seria_5;158;10;stage1
seria_5;160;11;stage1
seria_5;170;1;stage1
seria_5;171;1;stage1
seria_5;177;1;stage1
seria_5;178;1;stage1
seria_5;179;1;stage1
seria_5;180;1;stage1
seria_5;182;1;stage1
seria_5;183;1;stage1
seria_5;184;1;stage1
seria_5;185;1;stage1
seria_5;186;1;stage1
seria_5;188;1;stage1
seria_5;189;1;stage1
seria_5;190;1;stage1
seria_5;191;1;stage1
seria_5;4;14;stage1
seria_5;5;12;stage1
seria_5;10;17;stage1
seria_5;68;12;stage1
seria_5;72;3;stage1
seria_5;112;7;stage1
seria_5;116;9;stage1
seria_5;129;10;stage1
seria_5;165;1;stage1
seria_5;167;1;stage1
seria_5;168;1;stage1
seria_5;169;1;stage1
seria_5;181;1;stage1
seria_5;187;1;stage1
seria_5;190;17;stage1
seria_5;8;2;stage1
seria_5;9;7;stage1
seria_5;31;8;stage1
seria_5;63;13;stage1
seria_5;66;14;stage1
seria_5;73;15;stage1
seria_5;74;17;stage1
seria_5;82;5;stage1
seria_5;83;3;stage1
seria_5;84;13;stage1
seria_5;88;14;stage1
seria_5;89;6;stage1
seria_5;99;9;stage1
seria_5;109;10;stage1
seria_5;112;6;stage1
seria_5;116;7;stage1
seria_5;121;16;stage1
seria_5;122;1;stage1
seria_5;123;1;stage1
seria_5;135;9;stage1
seria_5;146;10;stage1
seria_5;148;12;stage1
seria_5;153;13;stage1
seria_5;155;5;stage1
seria_5;161;15;stage1
seria_5;165;15;stage1
seria_5;185;7;stage1
seria_5;188;16;stage1
seria_5;188;18;stage1
seria_5;189;18;stage1
seria_5;84;6;stage1
seria_5;85;2;stage1
seria_5;86;4;stage1
seria_5;87;4;stage1
seria_5;91;3;stage1
seria_5;93;3;stage1
seria_5;94;3;stage1
seria_5;97;4;stage1
seria_5;98;2;stage1
seria_5;157;11;stage1
seria_5;160;4;stage1
seria_5;2;13;stage1
seria_5;3;17;stage1
seria_5;19;12;stage1
seria_5;20;15;stage1
seria_5;21;14;stage1
seria_5;22;12;stage1
seria_5;23;14;stage1
seria_5;24;11;stage1
seria_5;25;9;stage1
seria_5;27;10;stage1
seria_5;28;11;stage1
seria_5;31;5;stage1
seria_5;32;6;stage1
seria_5;32;9;stage1
seria_5;33;5;stage1
seria_5;34;12;stage1
seria_5;35;12;stage1
seria_5;67;12;stage1
seria_5;73;7;stage1
seria_5;74;8;stage1
seria_5;96;3;stage1
seria_5;102;2;stage1
seria_5;113;6;stage1
seria_5;121;15;stage1
seria_5;127;5;stage1
seria_5;128;10;stage1
seria_5;132;2;stage1
seria_5;144;14;stage1
seria_5;145;12;stage1
seria_5;147;1;stage1
seria_5;149;2;stage1
seria_5;151;3;stage1
seria_5;154;1;stage1
seria_5;155;1;stage1
seria_5;160;6;stage1
seria_5;164;11;stage1
seria_5;167;13;stage1
seria_5;180;11;stage1
seria_5;183;13;stage1
seria_5;186;16;stage1
seria_5;27;5;stage1
seria_5;28;8;stage1
seria_5;29;4;stage1
seria_5;37;6;stage1
seria_5;40;6;stage1
seria_5;50;15;stage1
seria_5;98;6;stage1
seria_5;132;16;stage1
seria_5;133;12;stage1
seria_5;134;14;stage1
seria_5;136;14;stage1
seria_5;148;4;stage1
seria_5;151;1;stage1
seria_5;155;7;stage1
seria_5;182;10;stage1
seria_5;8;4;stage1
seria_5;8;5;stage1
seria_5;13;3;stage1
seria_5;17;8;stage1
seria_5;21;9;stage1
seria_5;26;12;stage1
seria_5;29;11;stage1
seria_5;44;6;stage1
seria_5;66;12;stage1
seria_5;74;7;stage1
seria_5;75;8;stage1
seria_5;86;9;stage1
seria_5;95;3;stage1
seria_5;97;2;stage1
seria_5;99;6;stage1
seria_5;100;6;stage1
seria_5;101;9;stage1
seria_5;111;9;stage1
seria_5;116;15;stage1
seria_5;121;8;stage1
seria_5;129;15;stage1
seria_5;158;16;stage1
seria_5;159;11;stage1
seria_5;168;9;stage1
seria_5;188;13;stage1
seria_5;189;11;stage1
seria_5;189;14;stage1
seria_5;2;7;stage1
seria_5;6;4;stage1
seria_5;18;14;stage1
seria_5;19;14;stage1
seria_5;20;16;stage1
seria_5;21;15;stage1
seria_5;22;13;stage1
seria_5;23;15;stage1
seria_5;24;10;stage1
seria_5;24;13;stage1
seria_5;25;12;stage1
seria_5;26;14;stage1
seria_5;26;15;stage1
seria_5;27;13;stage1
seria_5;28;13;stage1
seria_5;29;10;stage1
seria_5;29;12;stage1
seria_5;30;11;stage1
seria_5;31;11;stage1
seria_5;32;10;stage1
seria_5;33;11;stage1
seria_5;34;11;stage1
seria_5;35;10;stage1
seria_5;36;10;stage1
seria_5;37;11;stage1
seria_5;38;13;stage1
seria_5;39;10;stage1
seria_5;40;12;stage1
seria_5;41;15;stage1
seria_5;42;12;stage1
seria_5;43;11;stage1
seria_5;44;14;stage1
seria_5;45;13;stage1
seria_5;46;14;stage1
seria_5;47;14;stage1
seria_5;48;13;stage1
seria_5;49;12;stage1
seria_5;50;16;stage1
seria_5;55;14;stage1
seria_5;56;12;stage1
seria_5;57;12;stage1
seria_5;59;12;stage1
seria_5;61;13;stage1
seria_5;62;13;stage1
seria_5;64;13;stage1
seria_5;65;11;stage1
seria_5;98;13;stage1
seria_5;101;14;stage1
seria_5;122;6;stage1
seria_5;123;6;stage1
seria_5;130;1;stage1
seria_5;136;10;stage1
seria_5;157;6;stage1
seria_5;158;7;stage1
seria_5;189;15;stage1
seria_5;5;15;stage1
seria_5;9;2;stage1
seria_5;10;2;stage1
seria_5;11;2;stage1
seria_5;12;3;stage1
seria_5;15;3;stage1
seria_5;16;3;stage1
seria_5;17;2;stage1
seria_5;18;2;stage1
seria_5;19;3;stage1
seria_5;20;3;stage1
seria_5;21;3;stage1
seria_5;22;3;stage1
seria_5;23;2;stage1
seria_5;24;2;stage1
seria_5;25;2;stage1
seria_5;26;2;stage1
seria_5;27;2;stage1
seria_5;28;2;stage1
seria_5;29;2;stage1
seria_5;30;2;stage1
seria_5;31;2;stage1
seria_5;32;2;stage1
seria_5;33;2;stage1
seria_5;34;2;stage1
seria_5;34;5;stage1
seria_5;35;2;stage1
seria_5;35;7;stage1
seria_5;36;2;stage1
seria_5;36;6;stage1
seria_5;37;2;stage1
seria_5;38;2;stage1
seria_5;39;2;stage1
seria_5;40;2;stage1
seria_5;41;2;stage1
seria_5;41;9;stage1
seria_5;43;2;stage1
seria_5;44;2;stage1
seria_5;45;2;stage1
seria_5;46;2;stage1
seria_5;47;2;stage1
seria_5;48;3;stage1
seria_5;49;3;stage1
seria_5;50;3;stage1
seria_5;51;2;stage1
seria_5;52;2;stage1
seria_5;53;2;stage1
seria_5;54;2;stage1
seria_5;55;2;stage1
seria_5;56;2;stage1
seria_5;57;2;stage1
seria_5;58;2;stage1
seria_5;59;2;stage1
seria_5;60;2;stage1
seria_5;61;2;stage1
seria_5;62;2;stage1
seria_5;64;2;stage1
seria_5;65;2;stage1
seria_5;66;2;stage1
seria_5;67;2;stage1
seria_5;70;2;stage1
seria_5;89;10;stage1
seria_5;110;6;stage1
seria_5;114;6;stage1
seria_5;118;8;stage1
seria_5;153;17;stage1
seria_5;154;18;stage1
seria_5;155;12;stage1
seria_5;163;17;stage1
seria_5;166;5;stage1
seria_5;175;7;stage1
seria_5;176;1;stage1
